{"cameraMode":{"drawMode":0,"name":"Shaded","section":"Shading Mode"},"sceneLighting":false,"audioPlay":false,"sceneViewState":{"m_AlwaysRefresh":false,"showFog":true,"showSkybox":false,"showFlares":true,"showImageEffects":true,"showParticleSystems":true,"showVisualEffectGraphs":true,"m_FxEnabled":true},"in2DMode":false,"pivot":{"x":-2.4601786136627199,"y":-0.6375818848609924,"z":0.8515664339065552},"rotation":{"x":-0.011035424657166005,"y":0.7472503781318665,"z":0.011854217387735844,"w":0.6645117402076721},"size":1.3721253871917725,"orthographic":false}