{"cameraMode":{"drawMode":0,"name":"Shaded","section":"Shading Mode"},"sceneLighting":false,"audioPlay":false,"sceneViewState":{"m_AlwaysRefresh":false,"showFog":true,"showSkybox":false,"showFlares":true,"showImageEffects":true,"showParticleSystems":true,"showVisualEffectGraphs":true,"m_FxEnabled":true},"in2DMode":false,"pivot":{"x":-0.7699999809265137,"y":8.469999313354493,"z":-28.580001831054689},"rotation":{"x":0.10154865682125092,"y":-0.19829347729682923,"z":0.020661484450101854,"w":0.9747183322906494},"size":12.124356269836426,"orthographic":false}