{"cameraMode":{"drawMode":0,"name":"Shaded","section":"Shading Mode"},"sceneLighting":false,"audioPlay":false,"sceneViewState":{"m_AlwaysRefresh":false,"showFog":true,"showSkybox":false,"showFlares":true,"showImageEffects":true,"showParticleSystems":true,"showVisualEffectGraphs":true,"m_FxEnabled":true},"in2DMode":false,"pivot":{"x":10.551397323608399,"y":4.445225715637207,"z":-24.487653732299806},"rotation":{"x":0.000844147871248424,"y":0.9986283779144287,"z":-0.016787171363830568,"w":0.0500924251973629},"size":4.333881378173828,"orthographic":false}