{"cameraMode":{"drawMode":0,"name":"Shaded","section":"Shading Mode"},"sceneLighting":false,"audioPlay":false,"sceneViewState":{"m_AlwaysRefresh":false,"showFog":true,"showSkybox":false,"showFlares":true,"showImageEffects":true,"showParticleSystems":true,"showVisualEffectGraphs":true,"m_FxEnabled":true},"in2DMode":false,"pivot":{"x":9.220000267028809,"y":4.889999866485596,"z":-48.63999938964844},"rotation":{"x":0.036556269973516467,"y":-0.9437031745910645,"z":0.10962968319654465,"w":0.31029829382896426},"size":1.2247449159622193,"orthographic":false}