{"cameraMode":{"drawMode":0,"name":"Shaded","section":"Shading Mode"},"sceneLighting":false,"audioPlay":false,"sceneViewState":{"m_AlwaysRefresh":false,"showFog":true,"showSkybox":false,"showFlares":true,"showImageEffects":true,"showParticleSystems":true,"showVisualEffectGraphs":true,"m_FxEnabled":true},"in2DMode":false,"pivot":{"x":-2.233119010925293,"y":0.0890512466430664,"z":9.487967491149903},"rotation":{"x":0.009879505261778832,"y":-0.9653825163841248,"z":0.03649123013019562,"w":0.2587743401527405},"size":10.401581764221192,"orthographic":false}