{"cameraMode":{"drawMode":0,"name":"Shaded","section":"Shading Mode"},"sceneLighting":false,"audioPlay":false,"sceneViewState":{"m_AlwaysRefresh":false,"showFog":true,"showSkybox":false,"showFlares":true,"showImageEffects":true,"showParticleSystems":true,"showVisualEffectGraphs":true,"m_FxEnabled":true},"in2DMode":false,"pivot":{"x":3.0273666381835939,"y":0.5406885147094727,"z":-1.043564796447754},"rotation":{"x":0.0063994512893259529,"y":-0.8408586978912354,"z":-0.009788804687559605,"w":-0.541456937789917},"size":18.725597381591798,"orthographic":false}