{"cameraMode":{"drawMode":0,"name":"Shaded","section":"Shading Mode"},"sceneLighting":false,"audioPlay":false,"sceneViewState":{"m_AlwaysRefresh":false,"showFog":true,"showSkybox":false,"showFlares":true,"showImageEffects":true,"showParticleSystems":true,"showVisualEffectGraphs":true,"m_FxEnabled":true},"in2DMode":false,"pivot":{"x":8.574499130249024,"y":5.346772193908691,"z":-24.35136604309082},"rotation":{"x":0.0000026791456093633316,"y":1.0000240802764893,"z":0.0011912682093679906,"w":0.0006191633874550462},"size":1.7322020530700684,"orthographic":false}